{
    "embed_dim": 128,
    "learning_rate": 0.00010094618142710994,
    "batch_size": 512,
    "dropout": 0.2551538619133901
}