{
    "mean": {
        "Log_Ret": 0.0,
        "RSI": 0.5037889563247105,
        "Dist_SMA_50": 0.000281092523074143,
        "Dist_EMA_200": 0.0007496893538213056,
        "BB_PctB": 0.5058739240894378,
        "BB_Width": 0.02715574179527002,
        "MACD_Norm": -3.141278756737473e-05,
        "ATR_Pct": 0.006591523185858691,
        "Vol_Ratio": 1.0301100332095965,
        "Vol_Spike": 0.07948186432170146,
        "Hour_Sin": -0.0010577776081189825,
        "Hour_Cos": -0.0002106433638403516,
        "Day_Sin": -0.0010207068541887134,
        "Day_Cos": 0.0006485648790631098
    },
    "std": {
        "Log_Ret": 0.005397594055546261,
        "RSI": 0.11373008881185341,
        "Dist_SMA_50": 0.019681649113284343,
        "Dist_EMA_200": 0.034788394235805084,
        "BB_PctB": 0.3292163630170599,
        "BB_Width": 0.025947640868813654,
        "MACD_Norm": 0.005651862735521112,
        "ATR_Pct": 0.004724921431675207,
        "Vol_Ratio": 0.7820348882601701,
        "Vol_Spike": 0.270489995416616,
        "Hour_Sin": 0.7069724379454103,
        "Hour_Cos": 0.7072435623800787,
        "Day_Sin": 0.7070731068092851,
        "Day_Cos": 0.7071427062152491
    }
}