{
    "embed_dim": 128,
    "learning_rate": 0.00036794317287287376,
    "batch_size": 1024,
    "dropout": 0.30210767758838586
}