{
  "mean": {
    "Log_Ret": 0.0,
    "RSI": 0.4984619469621524,
    "Dist_SMA_50": -0.00012276706005562115,
    "Dist_EMA_200": -0.0009054614446383038,
    "BB_PctB": 0.4956313211834752,
    "BB_Width": 0.028263371519396483,
    "MACD_Norm": -0.00014947140313780033,
    "ATR_Pct": 0.006830202937518292,
    "Vol_Ratio": 1.029581937001115,
    "Vol_Spike": 0.08014903746636307,
    "Hour_Sin": -0.0005699113912479268,
    "Hour_Cos": -0.0001126033479787112,
    "Day_Sin": 0.0006490937991923794,
    "Day_Cos": -0.0006851277264940469
  },
  "std": {
    "Log_Ret": 0.005527826618484605,
    "RSI": 0.1095507183718139,
    "Dist_SMA_50": 0.020027325910139903,
    "Dist_EMA_200": 0.033154917411792856,
    "BB_PctB": 0.32893087461395526,
    "BB_Width": 0.02496366719489115,
    "MACD_Norm": 0.0056927949857543065,
    "ATR_Pct": 0.00452004951926746,
    "Vol_Ratio": 0.8067279577273556,
    "Vol_Spike": 0.271524915428987,
    "Hour_Sin": 0.7070148579950827,
    "Hour_Cos": 0.7072043078356116,
    "Day_Sin": 0.7071540501167407,
    "Day_Cos": 0.7070647343771214
  }
}