{
  "mean": {
    "Log_Ret": 0.0,
    "RSI": 0.49658729745136626,
    "Dist_SMA_50": 0.00035853753355502983,
    "Dist_EMA_200": -0.0002829272622596892,
    "BB_PctB": 0.49184597233572025,
    "BB_Width": 0.06316376428586867,
    "MACD_Norm": -0.000439212735157622,
    "ATR_Pct": 0.015602193174485565,
    "Vol_Ratio": 1.0209881015436242,
    "Vol_Spike": 0.07513574946331608,
    "Hour_Sin": -0.001226513045977657,
    "Hour_Cos": -0.00023924777001633712,
    "Day_Sin": -0.0005434635143589526,
    "Day_Cos": -0.0008702778366571275
  },
  "std": {
    "Log_Ret": 0.01161838526455225,
    "RSI": 0.11521810813442056,
    "Dist_SMA_50": 0.04339390533162073,
    "Dist_EMA_200": 0.07883765578942445,
    "BB_PctB": 0.33216356093540916,
    "BB_Width": 0.04859243168713467,
    "MACD_Norm": 0.012453368245880017,
    "ATR_Pct": 0.008652166165296755,
    "Vol_Ratio": 0.7221703055971833,
    "Vol_Spike": 0.2636130330063108,
    "Hour_Sin": 0.7069948920761241,
    "Hour_Cos": 0.7072324284441592,
    "Day_Sin": 0.7068317790883414,
    "Day_Cos": 0.7073958087123715
  }
}