{
  "mean": {
    "Log_Ret": 0.0,
    "RSI": 0.4939991059778017,
    "Dist_SMA_50": 3.8790571124371184e-05,
    "Dist_EMA_200": -0.0008410199728907673,
    "BB_PctB": 0.49051699337837873,
    "BB_Width": 0.06505848149857937,
    "MACD_Norm": -0.000592848700724423,
    "ATR_Pct": 0.01606543563170534,
    "Vol_Ratio": 1.0274543432197685,
    "Vol_Spike": 0.0856827530851811,
    "Hour_Sin": -0.00023809394965621395,
    "Hour_Cos": -0.00020262155168361467,
    "Day_Sin": -0.0022674531777575903,
    "Day_Cos": -0.00012614292257131767
  },
  "std": {
    "Log_Ret": 0.011678003176163307,
    "RSI": 0.11732729829532855,
    "Dist_SMA_50": 0.0464511722742437,
    "Dist_EMA_200": 0.08525846726101358,
    "BB_PctB": 0.33158702786071703,
    "BB_Width": 0.051347752358369116,
    "MACD_Norm": 0.012994653699829497,
    "ATR_Pct": 0.007525591879845016,
    "Vol_Ratio": 0.8101128711273494,
    "Vol_Spike": 0.2799020348910075,
    "Hour_Sin": 0.7071398381851313,
    "Hour_Cos": 0.7071091284698747,
    "Day_Sin": 0.7067598060979531,
    "Day_Cos": 0.7074853970456159
  }
}