{
  "mean": {
    "Log_Ret": 0.0,
    "RSI": 0.4973408144910353,
    "Dist_SMA_50": 0.00011678763810787983,
    "Dist_EMA_200": 3.082893069850423e-06,
    "BB_PctB": 0.49356924407446917,
    "BB_Width": 0.03223100473974715,
    "MACD_Norm": -0.0001141724399304284,
    "ATR_Pct": 0.0078174121585164,
    "Vol_Ratio": 1.0345645028447874,
    "Vol_Spike": 0.09178695744388857,
    "Hour_Sin": 4.4011054370702285e-07,
    "Hour_Cos": 3.907093306031491e-05,
    "Day_Sin": -0.0016885239734142593,
    "Day_Cos": -0.0010957557530631929
  },
  "std": {
    "Log_Ret": 0.006022701817144494,
    "RSI": 0.1103295912679311,
    "Dist_SMA_50": 0.02289785901649848,
    "Dist_EMA_200": 0.040378026373435925,
    "BB_PctB": 0.3293851856413543,
    "BB_Width": 0.027659430458931076,
    "MACD_Norm": 0.006427949070256934,
    "ATR_Pct": 0.004119872374942124,
    "Vol_Ratio": 0.8936611403787711,
    "Vol_Spike": 0.28872677731277824,
    "Hour_Sin": 0.707135293999168,
    "Hour_Cos": 0.7070870885181503,
    "Day_Sin": 0.7072794939198397,
    "Day_Cos": 0.7069399846737987
  }
}