{
  "mean": {
    "Log_Ret": 0.0,
    "RSI": 0.49754050676314465,
    "Dist_SMA_50": -0.000326437927120138,
    "Dist_EMA_200": -0.0018193127528707295,
    "BB_PctB": 0.49496267682709544,
    "BB_Width": 0.029064480111195577,
    "MACD_Norm": -0.000212428904877072,
    "ATR_Pct": 0.006746103784962919,
    "Vol_Ratio": 1.0342130173962776,
    "Vol_Spike": 0.08760401721664275,
    "Hour_Sin": -5.738880918223638e-05,
    "Hour_Cos": -5.989151467131404e-17,
    "Day_Sin": 0.0014802004856531406,
    "Day_Cos": 0.001729324188257288
  },
  "std": {
    "Log_Ret": 0.005238136865634344,
    "RSI": 0.11095061688419326,
    "Dist_SMA_50": 0.020298104168857124,
    "Dist_EMA_200": 0.03434459420940638,
    "BB_PctB": 0.3312406689624725,
    "BB_Width": 0.024032189707622983,
    "MACD_Norm": 0.005837295196932492,
    "ATR_Pct": 0.0034922675911725136,
    "Vol_Ratio": 0.8333150892587199,
    "Vol_Spike": 0.28272017997694604,
    "Hour_Sin": 0.7071321412770676,
    "Hour_Cos": 0.7070915632984097,
    "Day_Sin": 0.7071481196065833,
    "Day_Cos": 0.7070719218831003
  }
}