{
  "mean": {
    "Log_Ret": 0.0,
    "RSI": 0.49292753564690284,
    "Dist_SMA_50": -0.0015030795435263288,
    "Dist_EMA_200": -0.007210944632205176,
    "BB_PctB": 0.4888629933540196,
    "BB_Width": 0.05911754614528827,
    "MACD_Norm": -0.0008710012507000635,
    "ATR_Pct": 0.01400790369886179,
    "Vol_Ratio": 1.0278025038351062,
    "Vol_Spike": 0.08215461001096934,
    "Hour_Sin": 0.0003389532498893368,
    "Hour_Cos": -9.082224957981334e-05,
    "Day_Sin": -0.0009256238285334061,
    "Day_Cos": -0.0002575661804286031
  },
  "std": {
    "Log_Ret": 0.010396301038751993,
    "RSI": 0.11473890950075952,
    "Dist_SMA_50": 0.0391310107447401,
    "Dist_EMA_200": 0.06670692622817197,
    "BB_PctB": 0.3335229469183241,
    "BB_Width": 0.0437904706613441,
    "MACD_Norm": 0.011311268428663932,
    "ATR_Pct": 0.006265207215447889,
    "Vol_Ratio": 0.7815468578483786,
    "Vol_Spike": 0.2746080547173087,
    "Hour_Sin": 0.7070611355867598,
    "Hour_Cos": 0.7071931589872041,
    "Day_Sin": 0.7074080606729962,
    "Day_Cos": 0.7068455625115363
  }
}