{
  "mean": {
    "Log_Ret": 0.0,
    "RSI": 0.4993310427099139,
    "Dist_SMA_50": 0.0009534337887186302,
    "Dist_EMA_200": 0.0018461639898416592,
    "BB_PctB": 0.49945911754892247,
    "BB_Width": 0.07283667472190085,
    "MACD_Norm": -0.00038970718562747746,
    "ATR_Pct": 0.018110863091425417,
    "Vol_Ratio": 1.0230696496016294,
    "Vol_Spike": 0.08390556377841943,
    "Hour_Sin": -0.0007991115529964055,
    "Hour_Cos": -0.00016174168538684325,
    "Day_Sin": -4.49519136111497e-05,
    "Day_Cos": -0.0009549412785854213
  },
  "std": {
    "Log_Ret": 0.013375224964001335,
    "RSI": 0.1123645908402919,
    "Dist_SMA_50": 0.047806628970609846,
    "Dist_EMA_200": 0.08208834387370961,
    "BB_PctB": 0.33214003173481027,
    "BB_Width": 0.05389478463218121,
    "MACD_Norm": 0.013932620321846126,
    "ATR_Pct": 0.01017067075248942,
    "Vol_Ratio": 0.7737794269770136,
    "Vol_Spike": 0.27724950003147975,
    "Hour_Sin": 0.7070746199995902,
    "Hour_Cos": 0.7071556276901617,
    "Day_Sin": 0.7071843047277274,
    "Day_Cos": 0.7070457622872452
  }
}