{
  "mean": {
    "Log_Ret": 0.0,
    "RSI": 0.49972370291704754,
    "Dist_SMA_50": -0.00014641930849514532,
    "Dist_EMA_200": -0.0011519071003634575,
    "BB_PctB": 0.4992450931490723,
    "BB_Width": 0.03340184819104619,
    "MACD_Norm": -0.00019859902301872146,
    "ATR_Pct": 0.00797706442693983,
    "Vol_Ratio": 1.028372666360027,
    "Vol_Spike": 0.0832539846822604,
    "Hour_Sin": -0.0002171724260077212,
    "Hour_Cos": -0.00014733282451384331,
    "Day_Sin": 0.00031894761326093675,
    "Day_Cos": -0.0008441177501347398
  },
  "std": {
    "Log_Ret": 0.006394140705580846,
    "RSI": 0.11119211261394951,
    "Dist_SMA_50": 0.023367729920452218,
    "Dist_EMA_200": 0.03817501193210047,
    "BB_PctB": 0.3300249542841599,
    "BB_Width": 0.028998634121643302,
    "MACD_Norm": 0.006702828741535352,
    "ATR_Pct": 0.005422544324116276,
    "Vol_Ratio": 0.8132099650250966,
    "Vol_Spike": 0.2762668830385675,
    "Hour_Sin": 0.7070179821098873,
    "Hour_Cos": 0.7072013744536971,
    "Day_Sin": 0.707336759269859,
    "Day_Cos": 0.7068820089976207
  }
}