{
  "mean": {
    "Log_Ret": 0.0,
    "RSI": 0.49770902359938285,
    "Dist_SMA_50": 0.0021281190912017423,
    "Dist_EMA_200": 0.005663656261909437,
    "BB_PctB": 0.49413666559221625,
    "BB_Width": 0.07673757994222488,
    "MACD_Norm": -0.0002188006818233845,
    "ATR_Pct": 0.018819976283214086,
    "Vol_Ratio": 1.024766251907734,
    "Vol_Spike": 0.08206416817332149,
    "Hour_Sin": -0.00048769806913686605,
    "Hour_Cos": -3.5090949303170267e-06,
    "Day_Sin": 0.0003294417759786003,
    "Day_Cos": -0.00144891312269349
  },
  "std": {
    "Log_Ret": 0.014290422318531414,
    "RSI": 0.1159876140498075,
    "Dist_SMA_50": 0.05445762495401247,
    "Dist_EMA_200": 0.10697499564821736,
    "BB_PctB": 0.3335215939594159,
    "BB_Width": 0.06041299993399939,
    "MACD_Norm": 0.015191705201976078,
    "ATR_Pct": 0.011309066582935023,
    "Vol_Ratio": 0.7902194089956212,
    "Vol_Spike": 0.2744666627015584,
    "Hour_Sin": 0.7070542787420492,
    "Hour_Cos": 0.7071807787329593,
    "Day_Sin": 0.7069802971640138,
    "Day_Cos": 0.7072533465730445
  }
}