{
  "mean": {
    "Log_Ret": 0.0,
    "RSI": 0.4991283324919885,
    "Dist_SMA_50": 8.463329018670819e-05,
    "Dist_EMA_200": -0.0003505612942799528,
    "BB_PctB": 0.49636916525009167,
    "BB_Width": 0.03628963451608492,
    "MACD_Norm": -0.00015916423497340187,
    "ATR_Pct": 0.00869317726637751,
    "Vol_Ratio": 1.0311571189485085,
    "Vol_Spike": 0.08525771061891947,
    "Hour_Sin": -0.00022020306483019455,
    "Hour_Cos": -6.65633733787103e-05,
    "Day_Sin": 0.0003642617956437003,
    "Day_Cos": -0.0008222955900272057
  },
  "std": {
    "Log_Ret": 0.006927498670003568,
    "RSI": 0.11177375584222049,
    "Dist_SMA_50": 0.025337661029864993,
    "Dist_EMA_200": 0.044058910821900686,
    "BB_PctB": 0.3306451927201637,
    "BB_Width": 0.03101676457031766,
    "MACD_Norm": 0.007215273421648255,
    "ATR_Pct": 0.005598968276186346,
    "Vol_Ratio": 0.8563710465605693,
    "Vol_Spike": 0.2792659648805971,
    "Hour_Sin": 0.7070209089306051,
    "Hour_Cos": 0.7071984596574707,
    "Day_Sin": 0.7073116934611933,
    "Day_Cos": 0.7069070938655952
  }
}