{
  "mean": {
    "Log_Ret": 0.0,
    "RSI": 0.5058218862718076,
    "Dist_SMA_50": 0.002969129366560999,
    "Dist_EMA_200": 0.00973572695018373,
    "BB_PctB": 0.5101258417968217,
    "BB_Width": 0.0598667926868069,
    "MACD_Norm": 0.00022884906651224153,
    "ATR_Pct": 0.014739794898282178,
    "Vol_Ratio": 1.0183834291316978,
    "Vol_Spike": 0.06566290255123379,
    "Hour_Sin": -0.0011971180039564223,
    "Hour_Cos": -0.00027600502673174763,
    "Day_Sin": -0.0005208464256920725,
    "Day_Cos": -0.000208660119949689
  },
  "std": {
    "Log_Ret": 0.012086787974532458,
    "RSI": 0.11583477498788666,
    "Dist_SMA_50": 0.04740155346335876,
    "Dist_EMA_200": 0.08751695235484572,
    "BB_PctB": 0.33276424999722887,
    "BB_Width": 0.05616260520188931,
    "MACD_Norm": 0.013127905418904923,
    "ATR_Pct": 0.010922739598046502,
    "Vol_Ratio": 0.6573987682313857,
    "Vol_Spike": 0.24769438361315332,
    "Hour_Sin": 0.7069509055107773,
    "Hour_Cos": 0.7072756352713586,
    "Day_Sin": 0.7071695882042587,
    "Day_Cos": 0.7070578300564991
  }
}