{
  "mean": {
    "Log_Ret": 0.0,
    "RSI": 0.5043042280296458,
    "Dist_SMA_50": 0.00019428060514741426,
    "Dist_EMA_200": 0.0005396254503104291,
    "BB_PctB": 0.5086334414575779,
    "BB_Width": 0.02254708936102327,
    "MACD_Norm": -2.6257765347622724e-05,
    "ATR_Pct": 0.005374789439724137,
    "Vol_Ratio": 1.0305822894113068,
    "Vol_Spike": 0.0751148830469882,
    "Hour_Sin": -0.0005095302797605687,
    "Hour_Cos": -0.0002466667570074855,
    "Day_Sin": 0.0007332487093317627,
    "Day_Cos": -0.0006446008577228914
  },
  "std": {
    "Log_Ret": 0.0044914594698741974,
    "RSI": 0.11194141534453494,
    "Dist_SMA_50": 0.01681293843550243,
    "Dist_EMA_200": 0.028475980265111358,
    "BB_PctB": 0.3301729511604641,
    "BB_Width": 0.022519898246535976,
    "MACD_Norm": 0.004836096981975273,
    "ATR_Pct": 0.004095819829315572,
    "Vol_Ratio": 0.7730589454811984,
    "Vol_Spike": 0.263577716471493,
    "Hour_Sin": 0.7070644643551671,
    "Hour_Cos": 0.7071547233138021,
    "Day_Sin": 0.7071074449914279,
    "Day_Cos": 0.7071112981655385
  }
}