{
  "mean": {
    "Log_Ret": 0.0,
    "RSI": 0.5075446795911417,
    "Dist_SMA_50": 0.0011855813424315484,
    "Dist_EMA_200": 0.0038280990697255705,
    "BB_PctB": 0.5130807860659313,
    "BB_Width": 0.04456521740765393,
    "MACD_Norm": 3.3138794172921985e-05,
    "ATR_Pct": 0.011096944183572164,
    "Vol_Ratio": 1.0199582418395354,
    "Vol_Spike": 0.06444418586610813,
    "Hour_Sin": -0.0011275806041107534,
    "Hour_Cos": -0.00017329468024160932,
    "Day_Sin": -0.0014338694134148583,
    "Day_Cos": 0.001345334408354205
  },
  "std": {
    "Log_Ret": 0.008764059981055738,
    "RSI": 0.12351504305796385,
    "Dist_SMA_50": 0.032457091041082714,
    "Dist_EMA_200": 0.057744218448262545,
    "BB_PctB": 0.33448824658116233,
    "BB_Width": 0.03883870661673683,
    "MACD_Norm": 0.009379569728643589,
    "ATR_Pct": 0.00747757348779049,
    "Vol_Ratio": 0.640630787601238,
    "Vol_Spike": 0.24554490840862975,
    "Hour_Sin": 0.7069560026489181,
    "Hour_Cos": 0.7072703178952934,
    "Day_Sin": 0.7071171310597817,
    "Day_Cos": 0.7071074110289902
  }
}