{
  "mean": {
    "Log_Ret": 0.0,
    "RSI": 0.5027695580787357,
    "Dist_SMA_50": 5.3106703527057665e-05,
    "Dist_EMA_200": 7.769976553568565e-05,
    "BB_PctB": 0.5037191586766656,
    "BB_Width": 0.017629576552116687,
    "MACD_Norm": -3.277627044325037e-05,
    "ATR_Pct": 0.004278342429480559,
    "Vol_Ratio": 1.0281959181444134,
    "Vol_Spike": 0.06854067480852825,
    "Hour_Sin": -0.00041544556768684644,
    "Hour_Cos": -0.00029048815001004235,
    "Day_Sin": 0.0008043002910326387,
    "Day_Cos": -0.0005605049962466661
  },
  "std": {
    "Log_Ret": 0.003381920304427076,
    "RSI": 0.11244367288440121,
    "Dist_SMA_50": 0.012928365696932871,
    "Dist_EMA_200": 0.022526411128167056,
    "BB_PctB": 0.3289654934911012,
    "BB_Width": 0.01621978668166719,
    "MACD_Norm": 0.0036773835526586014,
    "ATR_Pct": 0.0027644354754994102,
    "Vol_Ratio": 0.6952046356673803,
    "Vol_Spike": 0.2526724744002999,
    "Hour_Sin": 0.7071023731224092,
    "Hour_Cos": 0.7071168622453639,
    "Day_Sin": 0.7070592682250403,
    "Day_Cos": 0.707159465801334
  }
}