{
  "mean": {
    "Log_Ret": 0.0,
    "RSI": 0.49792216163499375,
    "Dist_SMA_50": 0.0002720928658184471,
    "Dist_EMA_200": 0.000563725383656241,
    "BB_PctB": 0.49930502343399796,
    "BB_Width": 0.0312260605126033,
    "MACD_Norm": -9.277175511261521e-05,
    "ATR_Pct": 0.007735230643972348,
    "Vol_Ratio": 1.0338461949752644,
    "Vol_Spike": 0.08591181949906851,
    "Hour_Sin": -0.0005638501136029722,
    "Hour_Cos": -6.656337337871462e-05,
    "Day_Sin": 0.0006231999806879699,
    "Day_Cos": -0.0006975975322698045
  },
  "std": {
    "Log_Ret": 0.006831646345307695,
    "RSI": 0.10584466664423309,
    "Dist_SMA_50": 0.024991344767578878,
    "Dist_EMA_200": 0.04562710977067077,
    "BB_PctB": 0.32650469448252517,
    "BB_Width": 0.03486463993605551,
    "MACD_Norm": 0.006848935274347596,
    "ATR_Pct": 0.006644588195039086,
    "Vol_Ratio": 0.8928114785182895,
    "Vol_Spike": 0.2802349532095987,
    "Hour_Sin": 0.7070207183847803,
    "Hour_Cos": 0.7071984596574706,
    "Day_Sin": 0.7071683875234697,
    "Day_Cos": 0.7070504059737769
  }
}