{
  "mean": {
    "Log_Ret": 0.0,
    "RSI": 0.49644898990525477,
    "Dist_SMA_50": 0.002869446088444629,
    "Dist_EMA_200": 0.007726208140196314,
    "BB_PctB": 0.4943258839490008,
    "BB_Width": 0.06043681152514566,
    "MACD_Norm": -0.0001163040719517065,
    "ATR_Pct": 0.01588158753894386,
    "Vol_Ratio": 1.0308679808145684,
    "Vol_Spike": 0.09366033781592276,
    "Hour_Sin": -0.0004163264916899427,
    "Hour_Cos": -0.00012327824177182052,
    "Day_Sin": 0.0004435445985406808,
    "Day_Cos": 0.00038001910210893496
  },
  "std": {
    "Log_Ret": 0.01430190286936802,
    "RSI": 0.10774596754221272,
    "Dist_SMA_50": 0.07238378896360613,
    "Dist_EMA_200": 0.1266869649062555,
    "BB_PctB": 0.3281826309198966,
    "BB_Width": 0.08298567621752817,
    "MACD_Norm": 0.014452225503112318,
    "ATR_Pct": 0.015438512445932438,
    "Vol_Ratio": 0.9394489706025373,
    "Vol_Spike": 0.2913592231286256,
    "Hour_Sin": 0.7070608208684972,
    "Hour_Cos": 0.7071702462367859,
    "Day_Sin": 0.7070317159370207,
    "Day_Cos": 0.7071992375589463
  }
}