{
  "mean": {
    "Log_Ret": 0.0,
    "RSI": 0.4999145094709704,
    "Dist_SMA_50": -0.0002988532850429125,
    "Dist_EMA_200": -0.0016774748254596737,
    "BB_PctB": 0.49863077408960543,
    "BB_Width": 0.029951722194789993,
    "MACD_Norm": -0.00021448414233740277,
    "ATR_Pct": 0.0072540986536063804,
    "Vol_Ratio": 1.0296190802740406,
    "Vol_Spike": 0.0829145104533223,
    "Hour_Sin": -0.0004708282750892847,
    "Hour_Cos": 4.730415414515212e-05,
    "Day_Sin": 0.000539045070548567,
    "Day_Cos": -0.0007381244010409525
  },
  "std": {
    "Log_Ret": 0.005868793241694391,
    "RSI": 0.11008935367205053,
    "Dist_SMA_50": 0.021086566273829443,
    "Dist_EMA_200": 0.03521133851047069,
    "BB_PctB": 0.3290541204859623,
    "BB_Width": 0.02700451579945789,
    "MACD_Norm": 0.006102261638430391,
    "ATR_Pct": 0.004772325080080025,
    "Vol_Ratio": 0.7996118739835584,
    "Vol_Spike": 0.2757541006273287,
    "Hour_Sin": 0.7070855581241524,
    "Hour_Cos": 0.7071336998771076,
    "Day_Sin": 0.7072149755370101,
    "Day_Cos": 0.707003835137289
  }
}