{
  "mean": {
    "Log_Ret": 0.0,
    "RSI": 0.49980538677469755,
    "Dist_SMA_50": 0.0005244825364951692,
    "Dist_EMA_200": 0.0015574198066475222,
    "BB_PctB": 0.5000862986021702,
    "BB_Width": 0.0636704949114316,
    "MACD_Norm": -0.0003935858259527332,
    "ATR_Pct": 0.015924956891153842,
    "Vol_Ratio": 1.0222455480863148,
    "Vol_Spike": 0.07706902782797254,
    "Hour_Sin": -0.00013670214465909717,
    "Hour_Cos": -0.0002211854295808274,
    "Day_Sin": -0.000959027975119749,
    "Day_Cos": 0.00010144300300175447
  },
  "std": {
    "Log_Ret": 0.012029597302316035,
    "RSI": 0.11361469395316531,
    "Dist_SMA_50": 0.04346843306979697,
    "Dist_EMA_200": 0.0781377677337012,
    "BB_PctB": 0.3343066178825776,
    "BB_Width": 0.050882014196139455,
    "MACD_Norm": 0.012565740417259344,
    "ATR_Pct": 0.009673531135234363,
    "Vol_Ratio": 0.7143989994557615,
    "Vol_Spike": 0.2667049587757795,
    "Hour_Sin": 0.7070553337665841,
    "Hour_Cos": 0.7071794716620492,
    "Day_Sin": 0.706961740699954,
    "Day_Cos": 0.7072724262215347
  }
}