{
  "mean": {
    "Log_Ret": 0.0,
    "RSI": 0.506275451535679,
    "Dist_SMA_50": 0.001239408782827398,
    "Dist_EMA_200": 0.0034950635206265892,
    "BB_PctB": 0.5094794650086161,
    "BB_Width": 0.05701581921742559,
    "MACD_Norm": -0.00012253596801312753,
    "ATR_Pct": 0.013906067272260028,
    "Vol_Ratio": 1.0207047304935504,
    "Vol_Spike": 0.0747779544661211,
    "Hour_Sin": -0.0010920105309757085,
    "Hour_Cos": -0.0001880034506667351,
    "Day_Sin": -0.0013960009814404863,
    "Day_Cos": 0.0013366517000438969
  },
  "std": {
    "Log_Ret": 0.010713007133780362,
    "RSI": 0.12305743660983687,
    "Dist_SMA_50": 0.040283597418166325,
    "Dist_EMA_200": 0.07307695386094763,
    "BB_PctB": 0.33486412215413386,
    "BB_Width": 0.045934435965550566,
    "MACD_Norm": 0.011795978524853055,
    "ATR_Pct": 0.008625917817967763,
    "Vol_Ratio": 0.6959109444909576,
    "Vol_Spike": 0.26303527086716205,
    "Hour_Sin": 0.7069654323366436,
    "Hour_Cos": 0.707260943799578,
    "Day_Sin": 0.7071295610026407,
    "Day_Cos": 0.7070950724096126
  }
}