{
  "mean": {
    "Log_Ret": 0.0,
    "RSI": 0.5038676674017167,
    "Dist_SMA_50": 0.00015161500851731456,
    "Dist_EMA_200": 0.0003536250519105995,
    "BB_PctB": 0.5058204912079287,
    "BB_Width": 0.02240371131767038,
    "MACD_Norm": -3.445843866533455e-05,
    "ATR_Pct": 0.005269302700261862,
    "Vol_Ratio": 1.0305473554777471,
    "Vol_Spike": 0.0797598840819706,
    "Hour_Sin": -0.000470828275089277,
    "Hour_Cos": -0.00027251085010257634,
    "Day_Sin": 0.0007639389616109212,
    "Day_Cos": -0.0006111165025168495
  },
  "std": {
    "Log_Ret": 0.004261573005538496,
    "RSI": 0.11469400400696836,
    "Dist_SMA_50": 0.01642423923041096,
    "Dist_EMA_200": 0.028657724894853215,
    "BB_PctB": 0.3308346134293881,
    "BB_Width": 0.0208230069908386,
    "MACD_Norm": 0.004695719552531373,
    "ATR_Pct": 0.003621669388981504,
    "Vol_Ratio": 0.7882889630471709,
    "Vol_Spike": 0.27092222630391843,
    "Hour_Sin": 0.7070855581241524,
    "Hour_Cos": 0.7071336489491612,
    "Day_Sin": 0.70708713875511,
    "Day_Cos": 0.7071316009493466
  }
}