{
  "mean": {
    "Log_Ret": 0.0,
    "RSI": 0.49327318779848983,
    "Dist_SMA_50": -0.0006722247532599372,
    "Dist_EMA_200": -0.006448211092095514,
    "BB_PctB": 0.49045259465063523,
    "BB_Width": 0.06475557528912786,
    "MACD_Norm": -0.0008668217649635593,
    "ATR_Pct": 0.01608966135090691,
    "Vol_Ratio": 1.0242790369814445,
    "Vol_Spike": 0.07977667493796527,
    "Hour_Sin": -0.00022060143288559693,
    "Hour_Cos": 4.524255242276682e-05,
    "Day_Sin": -5.96584796170586e-05,
    "Day_Cos": -6.306413982424865e-05
  },
  "std": {
    "Log_Ret": 0.012227379346861071,
    "RSI": 0.11468473156696748,
    "Dist_SMA_50": 0.04915585548290911,
    "Dist_EMA_200": 0.0887294782411668,
    "BB_PctB": 0.3314340281238092,
    "BB_Width": 0.056686584214543076,
    "MACD_Norm": 0.013689592665145174,
    "ATR_Pct": 0.008706173165407357,
    "Vol_Ratio": 0.8053767514296022,
    "Vol_Spike": 0.2709513502506604,
    "Hour_Sin": 0.7070373231614434,
    "Hour_Cos": 0.7071981273131152,
    "Day_Sin": 0.707218111892757,
    "Day_Cos": 0.7070173640062767
  }
}