{
  "mean": {
    "Log_Ret": 0.0,
    "RSI": 0.4978061227732622,
    "Dist_SMA_50": -0.0003520499915420015,
    "Dist_EMA_200": -0.0020047520510291053,
    "BB_PctB": 0.49600504488566766,
    "BB_Width": 0.03152066157980601,
    "MACD_Norm": -0.00025532423053457393,
    "ATR_Pct": 0.007736406798104729,
    "Vol_Ratio": 1.0363260527939868,
    "Vol_Spike": 0.0908134961705651,
    "Hour_Sin": -0.00023211908709271358,
    "Hour_Cos": -0.00019140503385141528,
    "Day_Sin": 0.00029305379475651444,
    "Day_Cos": -0.0008565875559104957
  },
  "std": {
    "Log_Ret": 0.006207981186993619,
    "RSI": 0.10840461719848585,
    "Dist_SMA_50": 0.023158774907958066,
    "Dist_EMA_200": 0.04168768819927539,
    "BB_PctB": 0.3273552327537772,
    "BB_Width": 0.0292235029740088,
    "MACD_Norm": 0.006637936797408404,
    "ATR_Pct": 0.004554421581266211,
    "Vol_Ratio": 0.9044711264299499,
    "Vol_Spike": 0.2873448950786193,
    "Hour_Sin": 0.707031831554372,
    "Hour_Cos": 0.707187513026655,
    "Day_Sin": 0.707351080886802,
    "Day_Cos": 0.7068676740852973
  }
}