{
  "mean": {
    "Log_Ret": 0.0,
    "RSI": 0.4983959612301921,
    "Dist_SMA_50": 0.003426282845277875,
    "Dist_EMA_200": 0.01015199858901502,
    "BB_PctB": 0.4964979558660353,
    "BB_Width": 0.08916121453041151,
    "MACD_Norm": 2.033084734261262e-05,
    "ATR_Pct": 0.02194755880467223,
    "Vol_Ratio": 1.0288709303493495,
    "Vol_Spike": 0.09104199066874027,
    "Hour_Sin": -0.00044942846854912206,
    "Hour_Cos": -0.00020483427554274388,
    "Day_Sin": -0.0013254472749179543,
    "Day_Cos": -0.0008312960752851055
  },
  "std": {
    "Log_Ret": 0.016468364141540882,
    "RSI": 0.11167871048901774,
    "Dist_SMA_50": 0.058768971917253325,
    "Dist_EMA_200": 0.10102328876440145,
    "BB_PctB": 0.3309514619053851,
    "BB_Width": 0.06685585228229328,
    "MACD_Norm": 0.01650740291118361,
    "ATR_Pct": 0.01144494300369944,
    "Vol_Ratio": 0.9414299688795356,
    "Vol_Spike": 0.287673288055212,
    "Hour_Sin": 0.7070685414291525,
    "Hour_Cos": 0.7071668395344115,
    "Day_Sin": 0.707213040737194,
    "Day_Cos": 0.7070207721404566
  }
}