{
  "mean": {
    "Log_Ret": 0.0,
    "RSI": 0.49599486516556135,
    "Dist_SMA_50": 0.00022417806951254455,
    "Dist_EMA_200": 0.0002014048678740704,
    "BB_PctB": 0.4930601138936711,
    "BB_Width": 0.04202127776371075,
    "MACD_Norm": -0.00017096735023051983,
    "ATR_Pct": 0.009713463262925921,
    "Vol_Ratio": 1.0369119522542265,
    "Vol_Spike": 0.10399503208445457,
    "Hour_Sin": -0.00031322490334389114,
    "Hour_Cos": -0.00027251085010257384,
    "Day_Sin": 0.0001830050661127101,
    "Day_Cos": -0.0008659399102422973
  },
  "std": {
    "Log_Ret": 0.007906590977016272,
    "RSI": 0.11234341964938142,
    "Dist_SMA_50": 0.029014357893353923,
    "Dist_EMA_200": 0.04802838331757753,
    "BB_PctB": 0.3300702841401097,
    "BB_Width": 0.0351696643301992,
    "MACD_Norm": 0.008117028545383941,
    "ATR_Pct": 0.005697742217135712,
    "Vol_Ratio": 1.0351381813767264,
    "Vol_Spike": 0.3052553634423275,
    "Hour_Sin": 0.7070856455038682,
    "Hour_Cos": 0.7071336489491611,
    "Day_Sin": 0.7073618505402981,
    "Day_Cos": 0.706856922565724
  }
}