{
  "mean": {
    "Log_Ret": 0.0,
    "RSI": 0.5009253369320831,
    "Dist_SMA_50": -8.31946942212185e-05,
    "Dist_EMA_200": -0.0008628528928865589,
    "BB_PctB": 0.5002909447290922,
    "BB_Width": 0.03146185130532255,
    "MACD_Norm": -0.00016244979267774015,
    "ATR_Pct": 0.0074566008143489805,
    "Vol_Ratio": 1.0294451792545034,
    "Vol_Spike": 0.08176361001862968,
    "Hour_Sin": -0.0004267560657517223,
    "Hour_Cos": 6.225081523014243e-05,
    "Day_Sin": 0.0005131512520441449,
    "Day_Cos": -0.00075059420681669
  },
  "std": {
    "Log_Ret": 0.005811920182222545,
    "RSI": 0.1124055680286149,
    "Dist_SMA_50": 0.021861168643731155,
    "Dist_EMA_200": 0.03675386054945583,
    "BB_PctB": 0.33092746094412334,
    "BB_Width": 0.026195393195908807,
    "MACD_Norm": 0.006296484474726307,
    "ATR_Pct": 0.004401870053850134,
    "Vol_Ratio": 0.7946188177903672,
    "Vol_Spike": 0.27400537173289746,
    "Hour_Sin": 0.7070994389658998,
    "Hour_Cos": 0.7071198465213426,
    "Day_Sin": 0.7072293076790606,
    "Day_Cos": 0.7069895045650735
  }
}