{
  "mean": {
    "Log_Ret": 0.0,
    "RSI": 0.5027891515838638,
    "Dist_SMA_50": 0.0024724885266346843,
    "Dist_EMA_200": 0.007815705009074652,
    "BB_PctB": 0.5045655986967708,
    "BB_Width": 0.07118551876635645,
    "MACD_Norm": 3.210447744351663e-05,
    "ATR_Pct": 0.01774396616840208,
    "Vol_Ratio": 1.024326153453589,
    "Vol_Spike": 0.0819706498951782,
    "Hour_Sin": -0.0008470914532079906,
    "Hour_Cos": -6.68060336241673e-05,
    "Day_Sin": -0.0006291220285136938,
    "Day_Cos": 0.0004150747533181239
  },
  "std": {
    "Log_Ret": 0.013122537558570575,
    "RSI": 0.11491555496646741,
    "Dist_SMA_50": 0.048599966452661014,
    "Dist_EMA_200": 0.08582002189822789,
    "BB_PctB": 0.3331115448785816,
    "BB_Width": 0.05517441507841308,
    "MACD_Norm": 0.013974669768973632,
    "ATR_Pct": 0.010281085114734124,
    "Vol_Ratio": 0.7608364083352774,
    "Vol_Spike": 0.27432319511720105,
    "Hour_Sin": 0.7070717143627243,
    "Hour_Cos": 0.7071578062786547,
    "Day_Sin": 0.7071311308430879,
    "Day_Cos": 0.7070985008997033
  }
}