{
  "mean": {
    "Log_Ret": 0.0,
    "RSI": 0.502728699104965,
    "Dist_SMA_50": -0.00015830863693780018,
    "Dist_EMA_200": -0.001028046043964973,
    "BB_PctB": 0.5053010341383387,
    "BB_Width": 0.026292596151461987,
    "MACD_Norm": -0.0001497368129247528,
    "ATR_Pct": 0.006378439939966136,
    "Vol_Ratio": 1.0297341734824896,
    "Vol_Spike": 0.08379217553301593,
    "Hour_Sin": -0.0005178101390029594,
    "Hour_Cos": 1.3180201807671522e-05,
    "Day_Sin": 0.0005714123436791125,
    "Day_Cos": -0.0007225371438212807
  },
  "std": {
    "Log_Ret": 0.00524229693934316,
    "RSI": 0.11027600555448516,
    "Dist_SMA_50": 0.01898721751594008,
    "Dist_EMA_200": 0.03234678508450451,
    "BB_PctB": 0.3291250101098634,
    "BB_Width": 0.024206457840080704,
    "MACD_Norm": 0.0054717518934898355,
    "ATR_Pct": 0.004088008599391846,
    "Vol_Ratio": 0.8308322091368804,
    "Vol_Spike": 0.2770770335322815,
    "Hour_Sin": 0.7070586031724385,
    "Hour_Cos": 0.7071606205836252,
    "Day_Sin": 0.7071970586189266,
    "Day_Cos": 0.7070217476360057
  }
}