{
  "mean": {
    "Log_Ret": 0.0,
    "RSI": 0.4997687833267698,
    "Dist_SMA_50": -0.0003429862336848508,
    "Dist_EMA_200": -0.0030102229730046347,
    "BB_PctB": 0.5010673406006267,
    "BB_Width": 0.061641054144136995,
    "MACD_Norm": -0.0006266468242082694,
    "ATR_Pct": 0.01543697549560736,
    "Vol_Ratio": 1.0210295186678628,
    "Vol_Spike": 0.07775290867662775,
    "Hour_Sin": -0.0013203375746171733,
    "Hour_Cos": -0.00029370264308298136,
    "Day_Sin": -0.001071438166118899,
    "Day_Cos": 0.0008548824038813846
  },
  "std": {
    "Log_Ret": 0.011563742065819829,
    "RSI": 0.11754862771852637,
    "Dist_SMA_50": 0.04251020016447686,
    "Dist_EMA_200": 0.07235721117881289,
    "BB_PctB": 0.33306607992277304,
    "BB_Width": 0.04845438519092492,
    "MACD_Norm": 0.012422583246293067,
    "ATR_Pct": 0.008976896315499897,
    "Vol_Ratio": 0.7553576649531268,
    "Vol_Spike": 0.26778506271968217,
    "Hour_Sin": 0.7069753681944478,
    "Hour_Cos": 0.7072511320028726,
    "Day_Sin": 0.7071355810089125,
    "Day_Cos": 0.7070909105427782
  }
}