{
  "mean": {
    "Log_Ret": 0.0,
    "RSI": 0.5017075062938825,
    "Dist_SMA_50": 0.0053681511091839525,
    "Dist_EMA_200": 0.01662423834103856,
    "BB_PctB": 0.501373187755695,
    "BB_Width": 0.09113148430382285,
    "MACD_Norm": 0.00015820588649597886,
    "ATR_Pct": 0.022493396651314786,
    "Vol_Ratio": 1.0254178680767818,
    "Vol_Spike": 0.08339175226309854,
    "Hour_Sin": -0.0007896424967245745,
    "Hour_Cos": 4.684996164343869e-05,
    "Day_Sin": 0.0002677252270184583,
    "Day_Cos": 0.0015135550656723798
  },
  "std": {
    "Log_Ret": 0.01774478939283466,
    "RSI": 0.11476624929759323,
    "Dist_SMA_50": 0.07018508092329054,
    "Dist_EMA_200": 0.13151951446498897,
    "BB_PctB": 0.33363240178060327,
    "BB_Width": 0.08170568081924445,
    "MACD_Norm": 0.020011471675096395,
    "ATR_Pct": 0.0150990856960876,
    "Vol_Ratio": 0.7642937263496646,
    "Vol_Spike": 0.27647766232183824,
    "Hour_Sin": 0.7070115633931322,
    "Hour_Cos": 0.7072230934080896,
    "Day_Sin": 0.7071241463175787,
    "Day_Cos": 0.7071092981058452
  }
}