{
  "mean": {
    "Log_Ret": 0.0,
    "RSI": 0.49799475020060036,
    "Dist_SMA_50": 0.0005787417961370676,
    "Dist_EMA_200": 0.0014940451567933282,
    "BB_PctB": 0.4949643197803102,
    "BB_Width": 0.03905184803831825,
    "MACD_Norm": -6.578482722741915e-05,
    "ATR_Pct": 0.009401637152764607,
    "Vol_Ratio": 1.0280091761769983,
    "Vol_Spike": 0.07733955605623441,
    "Hour_Sin": -0.00039779054441122164,
    "Hour_Cos": -0.00020747829244778429,
    "Day_Sin": 0.0022225493276503755,
    "Day_Cos": -0.0011091685067060061
  },
  "std": {
    "Log_Ret": 0.007872574344448961,
    "RSI": 0.11190484719618853,
    "Dist_SMA_50": 0.028806414146088068,
    "Dist_EMA_200": 0.05044572436639388,
    "BB_PctB": 0.3296038375462916,
    "BB_Width": 0.0366942391271007,
    "MACD_Norm": 0.008008218332376884,
    "ATR_Pct": 0.0073808518719707976,
    "Vol_Ratio": 0.7450287282705615,
    "Vol_Spike": 0.26713099672118,
    "Hour_Sin": 0.7070015757110837,
    "Hour_Cos": 0.7072199558589288,
    "Day_Sin": 0.7070610387220628,
    "Day_Cos": 0.7071562859650974
  }
}