{
  "mean": {
    "Log_Ret": 0.0,
    "RSI": 0.49757328993122285,
    "Dist_SMA_50": 0.00019763790900755566,
    "Dist_EMA_200": 0.0003359946328221988,
    "BB_PctB": 0.4964252052841063,
    "BB_Width": 0.036442723918306406,
    "MACD_Norm": -0.00012985566690938368,
    "ATR_Pct": 0.008756244243223812,
    "Vol_Ratio": 1.039114056107957,
    "Vol_Spike": 0.10003908649282484,
    "Hour_Sin": -0.0001709936519326895,
    "Hour_Cos": 0.00010323125460733415,
    "Day_Sin": -0.0014805237046780838,
    "Day_Cos": -0.0006155464286303063
  },
  "std": {
    "Log_Ret": 0.006754856613046385,
    "RSI": 0.10939744120498378,
    "Dist_SMA_50": 0.025722751175860776,
    "Dist_EMA_200": 0.04607105386075888,
    "BB_PctB": 0.32996595796278855,
    "BB_Width": 0.030772406070625296,
    "MACD_Norm": 0.007228566194153201,
    "ATR_Pct": 0.004827082361541536,
    "Vol_Ratio": 0.9465104131434162,
    "Vol_Spike": 0.30005378369222924,
    "Hour_Sin": 0.7070807083441881,
    "Hour_Cos": 0.7071407212752168,
    "Day_Sin": 0.7073410860892922,
    "Day_Cos": 0.706878479476199
  }
}