{
  "mean": {
    "Log_Ret": 0.0,
    "RSI": 0.49600359147583006,
    "Dist_SMA_50": 0.0014358037129284598,
    "Dist_EMA_200": 0.0021282673825107003,
    "BB_PctB": 0.4917234704024815,
    "BB_Width": 0.07312849159256939,
    "MACD_Norm": -0.0003491701938877267,
    "ATR_Pct": 0.017939791141470634,
    "Vol_Ratio": 1.0256122963700853,
    "Vol_Spike": 0.09011758369984742,
    "Hour_Sin": -0.0002836054652822027,
    "Hour_Cos": 0.00021379601842969257,
    "Day_Sin": -0.0020946474667582235,
    "Day_Cos": 0.00027103620233810536
  },
  "std": {
    "Log_Ret": 0.012914712605308494,
    "RSI": 0.11660382313330933,
    "Dist_SMA_50": 0.052558790468032524,
    "Dist_EMA_200": 0.09641769825903576,
    "BB_PctB": 0.3325751410543428,
    "BB_Width": 0.05575221715947796,
    "MACD_Norm": 0.014351504189211738,
    "ATR_Pct": 0.008742953494764106,
    "Vol_Ratio": 0.8235259002963444,
    "Vol_Spike": 0.2863565695288364,
    "Hour_Sin": 0.7071442672462923,
    "Hour_Cos": 0.7071009407738463,
    "Day_Sin": 0.7068570011594165,
    "Day_Cos": 0.7073850436587764
  }
}