{
  "mean": {
    "Log_Ret": 0.0,
    "RSI": 0.5008180932644052,
    "Dist_SMA_50": 0.0006840646111873984,
    "Dist_EMA_200": 0.0021882891036778527,
    "BB_PctB": 0.49948169675712484,
    "BB_Width": 0.036641144407324515,
    "MACD_Norm": 7.239457549108352e-06,
    "ATR_Pct": 0.008886618874978153,
    "Vol_Ratio": 1.0305527953031939,
    "Vol_Spike": 0.08366797764438004,
    "Hour_Sin": -0.0005638501136029725,
    "Hour_Cos": -0.00015864332257870743,
    "Day_Sin": 0.000674987617696822,
    "Day_Cos": -0.000672657920718315
  },
  "std": {
    "Log_Ret": 0.006894262635599129,
    "RSI": 0.11223496732202354,
    "Dist_SMA_50": 0.02569905476943639,
    "Dist_EMA_200": 0.045090077566282284,
    "BB_PctB": 0.33105315054794693,
    "BB_Width": 0.031026997183453267,
    "MACD_Norm": 0.007298841893610964,
    "ATR_Pct": 0.00571646880256645,
    "Vol_Ratio": 0.7887793665703567,
    "Vol_Spike": 0.2768903789655384,
    "Hour_Sin": 0.7070207183847803,
    "Hour_Cos": 0.707198444996263,
    "Day_Sin": 0.7071397114725497,
    "Day_Cos": 0.7070790622709667
  }
}