{
  "mean": {
    "Log_Ret": 0.0,
    "RSI": 0.5011837541799946,
    "Dist_SMA_50": 0.0036234827225287798,
    "Dist_EMA_200": 0.011578779214520177,
    "BB_PctB": 0.4977348540568116,
    "BB_Width": 0.0808641307788284,
    "MACD_Norm": 0.0001479766838446935,
    "ATR_Pct": 0.019644801766856554,
    "Vol_Ratio": 1.025647916384819,
    "Vol_Spike": 0.08151815181518152,
    "Hour_Sin": -0.00046249778248254916,
    "Hour_Cos": 2.2547648032504163e-05,
    "Day_Sin": -0.0003913361848153167,
    "Day_Cos": -0.0015093721294425265
  },
  "std": {
    "Log_Ret": 0.01466469692760608,
    "RSI": 0.11683017252602822,
    "Dist_SMA_50": 0.05559944324792601,
    "Dist_EMA_200": 0.10127616958066013,
    "BB_PctB": 0.333707458946569,
    "BB_Width": 0.06232981942911898,
    "MACD_Norm": 0.016052087674186324,
    "ATR_Pct": 0.011485252438479783,
    "Vol_Ratio": 0.7452422884275525,
    "Vol_Spike": 0.2736333116053897,
    "Hour_Sin": 0.7070500857710977,
    "Hour_Cos": 0.707184534398517,
    "Day_Sin": 0.7072002596568621,
    "Day_Cos": 0.7070327893531854
  }
}