{
  "mean": {
    "Log_Ret": 0.0,
    "RSI": 0.5085209462793084,
    "Dist_SMA_50": 0.00022415403338945655,
    "Dist_EMA_200": 0.0006155766236984813,
    "BB_PctB": 0.522961171172379,
    "BB_Width": 0.019839807057496002,
    "MACD_Norm": -1.3344738569749055e-05,
    "ATR_Pct": 0.0043939950689131715,
    "Vol_Ratio": 1.025811287620943,
    "Vol_Spike": 0.06856551438625544,
    "Hour_Sin": -0.0005460793467228848,
    "Hour_Cos": -2.3660946963043272e-05,
    "Day_Sin": 0.000597306162183525,
    "Day_Cos": -0.0007100673380455424
  },
  "std": {
    "Log_Ret": 0.004082186504760539,
    "RSI": 0.12015806614364419,
    "Dist_SMA_50": 0.016302984180245766,
    "Dist_EMA_200": 0.02758817440483427,
    "BB_PctB": 0.3331087103643847,
    "BB_Width": 0.02252847414471236,
    "MACD_Norm": 0.004700575204246678,
    "ATR_Pct": 0.003976204344483346,
    "Vol_Ratio": 0.7343121626785426,
    "Vol_Spike": 0.2527148856216721,
    "Hour_Sin": 0.7070367296922446,
    "Hour_Cos": 0.7071824686951935,
    "Day_Sin": 0.7071827236902388,
    "Day_Cos": 0.7070360770597404
  }
}