{
  "mean": {
    "Log_Ret": 0.0,
    "RSI": 0.5038959140183741,
    "Dist_SMA_50": 0.0007146508790818059,
    "Dist_EMA_200": 0.0014229701457357878,
    "BB_PctB": 0.5150393893084627,
    "BB_Width": 0.05481205240562497,
    "MACD_Norm": -0.0002548323903886809,
    "ATR_Pct": 0.013123446868604128,
    "Vol_Ratio": 1.019182204302632,
    "Vol_Spike": 0.062292055723699745,
    "Hour_Sin": -0.0010541063938198684,
    "Hour_Cos": -7.65182915973237e-05,
    "Day_Sin": -0.0011563484702039664,
    "Day_Cos": -0.0004322413198390773
  },
  "std": {
    "Log_Ret": 0.01063556666638866,
    "RSI": 0.1154282288553034,
    "Dist_SMA_50": 0.039785243933008044,
    "Dist_EMA_200": 0.0679573326522749,
    "BB_PctB": 0.33143916062871615,
    "BB_Width": 0.049316948440555536,
    "MACD_Norm": 0.01157548329959901,
    "ATR_Pct": 0.008777811423014991,
    "Vol_Ratio": 0.6726197415779385,
    "Vol_Spike": 0.2416878345412161,
    "Hour_Sin": 0.7069891694493,
    "Hour_Cos": 0.7072387594995431,
    "Day_Sin": 0.7070027476044775,
    "Day_Cos": 0.7072248981397324
  }
}