{
  "mean": {
    "Log_Ret": 0.0,
    "RSI": 0.4984276403883758,
    "Dist_SMA_50": 0.0010831943479947758,
    "Dist_EMA_200": 0.0022414711401518694,
    "BB_PctB": 0.4973430512582998,
    "BB_Width": 0.0709662438213925,
    "MACD_Norm": -0.00036485465210769186,
    "ATR_Pct": 0.017084201427178175,
    "Vol_Ratio": 1.0240230865962137,
    "Vol_Spike": 0.08930863744727673,
    "Hour_Sin": -0.00023899067722410377,
    "Hour_Cos": -0.00011957911092437224,
    "Day_Sin": 3.3882107330466135e-05,
    "Day_Cos": 0.0005708848634312855
  },
  "std": {
    "Log_Ret": 0.012750237548879925,
    "RSI": 0.11727305343349659,
    "Dist_SMA_50": 0.04909075729579802,
    "Dist_EMA_200": 0.08380321228403655,
    "BB_PctB": 0.33427457280303136,
    "BB_Width": 0.05581390189098655,
    "MACD_Norm": 0.013796668822359774,
    "ATR_Pct": 0.009212975368712864,
    "Vol_Ratio": 0.8370904657151235,
    "Vol_Spike": 0.28519307612172323,
    "Hour_Sin": 0.7070491388982756,
    "Hour_Cos": 0.7071859790146615,
    "Day_Sin": 0.7073257459056462,
    "Day_Cos": 0.7069091364957237
  }
}