{
  "mean": {
    "Log_Ret": 0.0,
    "RSI": 0.49953632618866356,
    "Dist_SMA_50": -0.00015220634351249026,
    "Dist_EMA_200": -0.001209671533875795,
    "BB_PctB": 0.49811229677053237,
    "BB_Width": 0.03231300361138023,
    "MACD_Norm": -0.00019772592685152827,
    "ATR_Pct": 0.007633423862084917,
    "Vol_Ratio": 1.039320483202224,
    "Vol_Spike": 0.10391223349203063,
    "Hour_Sin": -0.0002379738317102846,
    "Hour_Cos": -2.3660946963043523e-05,
    "Day_Sin": 0.00039015561414811213,
    "Day_Cos": -0.0008098257842514671
  },
  "std": {
    "Log_Ret": 0.0060092310578265615,
    "RSI": 0.11365170736858454,
    "Dist_SMA_50": 0.02335176662129257,
    "Dist_EMA_200": 0.039311853603768286,
    "BB_PctB": 0.33097797163773673,
    "BB_Width": 0.02853897064882636,
    "MACD_Norm": 0.0065806467853113965,
    "ATR_Pct": 0.004544575908959491,
    "Vol_Ratio": 0.9820510025137075,
    "Vol_Spike": 0.30514791856401097,
    "Hour_Sin": 0.7070369005266481,
    "Hour_Cos": 0.7071824686951934,
    "Day_Sin": 0.7072973684400062,
    "Day_Cos": 0.7069214273737318
  }
}