{
  "mean": {
    "Log_Ret": 0.0,
    "RSI": 0.5003717329381112,
    "Dist_SMA_50": 9.661616683664847e-05,
    "Dist_EMA_200": 3.5866452302390086e-05,
    "BB_PctB": 0.5025076801774048,
    "BB_Width": 0.02634882029492098,
    "MACD_Norm": -8.716863020822259e-05,
    "ATR_Pct": 0.006427714627330278,
    "Vol_Ratio": 1.025592545487291,
    "Vol_Spike": 0.06671082591595943,
    "Hour_Sin": -0.0005460793467228787,
    "Hour_Cos": -0.0002015457489943812,
    "Day_Sin": 0.0007008814362012303,
    "Day_Cos": -0.0006601881149425772
  },
  "std": {
    "Log_Ret": 0.00546180547517367,
    "RSI": 0.10756853011921978,
    "Dist_SMA_50": 0.02031378866160041,
    "Dist_EMA_200": 0.03485813944293101,
    "BB_PctB": 0.32733452170897115,
    "BB_Width": 0.02709496358331386,
    "MACD_Norm": 0.005667003164848803,
    "ATR_Pct": 0.004807330567306216,
    "Vol_Ratio": 0.7185031004832034,
    "Vol_Spike": 0.24952155645124685,
    "Hour_Sin": 0.7070367296922446,
    "Hour_Cos": 0.7071824403702096,
    "Day_Sin": 0.7071253715883995,
    "Day_Cos": 0.7070933896537045
  }
}