{
  "mean": {
    "Log_Ret": 0.0,
    "RSI": 0.4961836564996824,
    "Dist_SMA_50": 0.00034298351666063695,
    "Dist_EMA_200": -0.000981194632180056,
    "BB_PctB": 0.4942237211605548,
    "BB_Width": 0.056708452974160696,
    "MACD_Norm": -0.0004680350507515,
    "ATR_Pct": 0.014403282574936503,
    "Vol_Ratio": 1.0201250343505632,
    "Vol_Spike": 0.06733864136879553,
    "Hour_Sin": -0.0012490184577284623,
    "Hour_Cos": -0.00012698224003097333,
    "Day_Sin": -0.0005537194800614548,
    "Day_Cos": 0.0010353386131782853
  },
  "std": {
    "Log_Ret": 0.011592889687232617,
    "RSI": 0.11237323691346303,
    "Dist_SMA_50": 0.04525849514771267,
    "Dist_EMA_200": 0.08093361237143502,
    "BB_PctB": 0.3294619305513957,
    "BB_Width": 0.05731499042458668,
    "MACD_Norm": 0.012622905061547418,
    "ATR_Pct": 0.010510549719653154,
    "Vol_Ratio": 0.691561644858514,
    "Vol_Spike": 0.25061021267248157,
    "Hour_Sin": 0.7070146295583032,
    "Hour_Cos": 0.7072127780995273,
    "Day_Sin": 0.7070686421402665,
    "Day_Cos": 0.7071589162723206
  }
}