{
    "embed_dim": 64,
    "learning_rate": 0.00019196838805212425,
    "batch_size": 1024,
    "dropout": 0.16865445871795312
}