{
  "mean": {
    "Log_Ret": 0.0,
    "RSI": 0.4984160490874244,
    "Dist_SMA_50": -0.000154987216511493,
    "Dist_EMA_200": -0.0010095323030643991,
    "BB_PctB": 0.49623255688960466,
    "BB_Width": 0.02660827131423001,
    "MACD_Norm": -0.00015584018220106627,
    "ATR_Pct": 0.006656449718558608,
    "Vol_Ratio": 0.4603975057155542,
    "Vol_Spike": 0.0803560339474229,
    "Hour_Sin": -0.0003780985183840031,
    "Hour_Cos": -0.0002817952247128839,
    "Day_Sin": 0.000788155759263941,
    "Day_Cos": -0.0005807495987547494,
    "OBV_Norm": -0.039117275761201165,
    "MFI": 0.49423449804128095,
    "ADX": 0.2594078637957601,
    "DI_Diff": -0.013419123132115395,
    "Stoch_RSI": 0.502592243828351,
    "CCI": -0.005309845685374521,
    "Williams_R": 0.5123570559689902,
    "Keltner_Pos": -0.0027425080567484487
  },
  "std": {
    "Log_Ret": 0.005411230133340404,
    "RSI": 0.10969128317959946,
    "Dist_SMA_50": 0.01971796186185267,
    "Dist_EMA_200": 0.03264447808312365,
    "BB_PctB": 0.30446716690612713,
    "BB_Width": 0.02146793030093256,
    "MACD_Norm": 0.005620160857289863,
    "ATR_Pct": 0.004185712966933715,
    "Vol_Ratio": 0.13709946088334468,
    "Vol_Spike": 0.27184472338738835,
    "Hour_Sin": 0.7070936117805028,
    "Hour_Cos": 0.7071256477728151,
    "Day_Sin": 0.7070704168457236,
    "Day_Cos": 0.7071483204264014,
    "OBV_Norm": 0.7266065150199117,
    "MFI": 0.18036417875892186,
    "ADX": 0.1086602147784708,
    "DI_Diff": 0.13506243374297375,
    "Stoch_RSI": 0.41416056185724764,
    "CCI": 0.4573725972129575,
    "Williams_R": 0.2791694053229064,
    "Keltner_Pos": 0.4669198622016003
  }
}