{
  "mean": {
    "Log_Ret": 0.0,
    "RSI": 0.5028817583106941,
    "Dist_SMA_50": -0.0001225164627306241,
    "Dist_EMA_200": -0.0008386901976199444,
    "BB_PctB": 0.5064711969709631,
    "BB_Width": 0.024864514595028385,
    "MACD_Norm": -0.00013798646003193663,
    "ATR_Pct": 0.006252638566883033,
    "Vol_Ratio": 0.4579591353576227,
    "Vol_Spike": 0.08403229145104534,
    "Hour_Sin": -0.0003233656184868447,
    "Hour_Cos": -0.0002783655947201422,
    "Day_Sin": 0.0008204448228013331,
    "Day_Cos": -0.0005402603937385937,
    "OBV_Norm": -0.017276302231681126,
    "MFI": 0.500008103956692,
    "ADX": 0.26052285393459196,
    "DI_Diff": -0.01239578027481819,
    "Stoch_RSI": 0.5068182320262045,
    "CCI": 0.009973433243988644,
    "Williams_R": 0.5246477741375344,
    "Keltner_Pos": 0.013751933022349512
  },
  "std": {
    "Log_Ret": 0.005184256851346709,
    "RSI": 0.11021008018093094,
    "Dist_SMA_50": 0.0187812371269242,
    "Dist_EMA_200": 0.03193378812487257,
    "BB_PctB": 0.302641096945624,
    "BB_Width": 0.0209372232186338,
    "MACD_Norm": 0.005422393505346886,
    "ATR_Pct": 0.0038925036087449666,
    "Vol_Ratio": 0.14033785143900843,
    "Vol_Spike": 0.2774373852921419,
    "Hour_Sin": 0.7070907114722842,
    "Hour_Cos": 0.7071285764436218,
    "Day_Sin": 0.7070481190610721,
    "Day_Cos": 0.7071706104194437,
    "OBV_Norm": 0.7269482935697906,
    "MFI": 0.17819971735641998,
    "ADX": 0.11242064063715866,
    "DI_Diff": 0.1372901357960675,
    "Stoch_RSI": 0.41370480861710907,
    "CCI": 0.45633179717583366,
    "Williams_R": 0.27420237715192836,
    "Keltner_Pos": 0.4620629029598471
  }
}